x0,x1,y,split
1.4693108290003565,-0.8160976481456066,1.0,train
1.5587147133769177,-0.9662114135898294,1.0,train
0.06346120898314697,0.2063635321171946,1.0,train
0.025497425156644507,0.326340188782296,1.0,train
0.130497425156644507,0.456340188782296,1.0,train
0.170497425156644507,0.156340188782296,1.0,train
-3.680882893203617,-0.2993165154770751,0.0,train
-0.23173759761952414,-0.9662114135898294,0.0,train
-2.4505031542253595,-3.1264435216505535,0.0,train
-0.5551916592016838,-0.23696852560168588,0.0,train
0.4643735034102715,-0.4730456996826391,0.0,train
-2.5587147133769177,-2.9617619123659953,0.0,train
1.4693108290003565,2.8160976481456066,1.0,train
-2.4687277233999487,0.605277754513307,0.0,train
-1.268790508156928,-1.9322265116401116,0.0,train
-2.259878354851425,-1.1285431020916177,0.0,train
-1.6138536251390194,-1.2080344090615638,0.0,train
-2.4336552181220608,-0.08928750154332837,0.0,train
-3.3407260471266143,0.3733793852965897,0.0,train
-6.459190422076074,-0.35133752511017347,0.0,train
-1.8249159788172848,-4.516978822715963,0.0,train
2.0346873308723974,2.587423757982251,1.0,train
-3.637517148703195,0.2198996508676477,0.0,train
-3.140730024899825,1.8374907333404698,0.0,train
2.1338193394661285,2.6761560987760395,1.0,train
2.4907735506507307,1.3116998525891639,0.0,train
3.8914943017041073,2.1032714172462783,1.0,train
0.06346120898314697,-1.5063635321171946,0.0,train
1.5390122398531616,-0.8645475588358085,0.0,train
0.25073707282178803,0.2711690749950132,0.0,train
0.15837102211878099,-2.156555094550621,0.0,train
-2.745172723763183,-0.772565470518649,0.0,train
2.270089833753067,3.7595266230756694,1.0,train
2.630671956433039,1.4658831017925267,0.0,train
-1.0367643675789922,-1.0841854094013563,0.0,train
3.0123381203546256,2.5839200937224316,1.0,train
0.025497425156644507,-1.526340188782296,0.0,train
-0.18462616476744553,-0.4926103699856992,0.0,train
-0.6937743181699932,0.9183586419570696,0.0,train
1.2266061769072796,-1.8110330949834983,0.0,train
-0.6715186948546368,-2.1619290754149185,0.0,train
-0.6968220709279537,-1.3024536248410064,0.0,train
-1.7549756767263982,-2.253153192780071,0.0,train
-1.5328165501785236,-0.9354698395084787,0.0,train
1.734071106895206,0.5877112914459602,0.0,train
0.13655022563598138,-1.2847758703225973,0.0,train
-2.8163093848798524,-3.713435350974856,0.0,train
1.4354875516139767,-0.9086697572528075,0.0,train
-0.25872020755087216,1.1269898174149322,0.0,train
1.0412611347021008,-2.5468627923258436,0.0,train
-3.3662239201676964,-2.019473038409348,0.0,train
-1.3653147223319102,1.460756825289024,0.0,train
-2.046969206095274,-1.8076542278635057,0.0,train
2.323471033747131,2.076375632699465,0.0,train
0.7360253614326913,-0.49388253637065094,0.0,train
-1.6478130321012194,-2.35025759540615,0.0,train
2.3483583496010176,-3.3606135517261997,0.0,train
-3.1338077091034084,-1.7769763354033579,0.0,train
0.03484932195617037,-1.715867374525932,0.0,train
-0.7550320695148338,-0.8708950998985721,0.0,train
-0.5552320039571967,-0.5695727586508285,0.0,train
0.3232704892064001,-2.035841526929058,0.0,train
0.12842733803905085,-2.7162357873124163,0.0,train
-1.3908121076548698,-0.6059404563731288,0.0,train
-2.25535398367001,-1.2036318587344594,0.0,train
0.7213012060063744,-1.0898369028723935,0.0,train
-1.4172417294075093,-1.3998015936031718,0.0,train
-1.1845959757334692,-0.06063446204521507,0.0,train
0.1511636431863098,2.5925294616741006,0.0,train
-2.878862234601018,0.28773016479098323,0.0,train
-1.16875730800221,-1.0241460012189798,0.0,train
-1.2901721136589495,-1.8134456015166813,0.0,train
-1.1436053977166534,1.0289635591840411,0.0,train
-1.8214358826143344,-3.2770763857674763,0.0,train
0.7252247635059683,-0.5823306569085882,0.0,train
-2.4580730588655273,-1.857690863527388,0.0,train
-1.4923415926212398,-1.424091672808865,0.0,train
-3.1918251199216967,-0.9285524768175398,0.0,train
-0.8848833357008392,-0.5668135253890502,0.0,train
0.6005270772814321,-3.64368844736731,0.0,train
-0.6067684765441287,-1.1457504517870276,0.0,train
-1.7447186114081012,-1.969653576060154,0.0,train
-2.460303183193871,2.4614099503655913,0.0,train
0.21185771125151034,-0.3876735436822181,0.0,train
0.8869297682283952,-1.50978866451061,0.0,train
-0.3499227947413594,-0.5678099371433144,0.0,train
-2.03751270515862,-1.3323819754283648,0.0,train
-1.6614078190072927,-0.6050967734900895,0.0,train
-4.304809566022909,0.41119580479231915,0.0,train
-2.2141943493624576,1.1515457901267168,0.0,train
-0.6724765326597281,-0.31843290114732503,0.0,train
-1.8508204527341423,1.823923071462264,0.0,train
-1.2661524259551293,1.1229989057369316,0.0,train
-0.7311239095941952,-0.6276791725532956,0.0,train
-2.994824615139904,1.6352735615174228,0.0,train
0.15078589537050538,-2.380742322828709,0.0,train
0.45796307746136544,-2.504708093312553,0.0,train
-0.4362623741057082,-1.45572544216056,0.0,train
-1.8256552544818343,0.30790140468329374,0.0,train
0.34176935219795734,-1.5066021524260216,0.0,train
0.13873917374096542,-1.2802137387002162,0.0,train
-1.4392591125109977,-2.2257459980616003,0.0,train
-2.115228635956683,-0.8189004356770708,0.0,train
2.494230912272995,2.051041511672673,0.0,train
-2.7385318338936364,-1.3887151397742021,0.0,train
0.14800378798505034,0.006601356664283478,0.0,train
-0.28855095589579155,-0.17254864182925259,0.0,train
-0.7907069334409169,-1.0351414579440565,0.0,train
1.6655991359427476,2.7147336637671318,1.0,train
-1.7190754515571294,0.9927822251343486,0.0,train
-0.26874961895044963,0.2694365793434429,0.0,train
-2.795384933907516,-0.9142418872211047,0.0,train
0.8101316305585927,-0.33528095376682976,0.0,train
-0.9269888916448566,-0.7708757727244097,0.0,train
0.528605168776844,-3.6890268539978845,0.0,train
0.5089672017080785,-2.312434819559522,0.0,train
2.273499947456372,3.814601291394158,0.0,train
-0.0010101000652131343,-0.042604187223170206,0.0,train
-0.06302582708604391,2.4816359917820727,0.0,train
0.46843495736101776,-0.9877060078479177,0.0,train
-1.4065601121021374,-0.7999208904664526,0.0,train
0.03377344522582335,-0.5038784611657846,0.0,train
1.4089725894388907,1.2213551911886513,0.0,train
1.9637148776422264,-1.4267195303571645,0.0,train
0.25520570051004854,2.0853537728321783,0.0,train
-2.095030919465264,-1.1327147550313799,0.0,train
0.44348423129265757,-3.433649538461363,0.0,train
-1.5799279159468984,-4.509984711773219,0.0,train
3.9085338375944985,2.6593743864110855,0.0,train
-0.08755260198525977,-1.8177956606020855,0.0,train
3.1300705773646955,3.1752629444628737,1.0,train
-0.6875353980894101,-0.6875732989743922,0.0,train
-1.8355586316670258,-1.9386140398643035,0.0,train
0.9230111276568667,-0.25302925621669026,0.0,train
-2.516161086343224,0.14825653428466637,0.0,train
-0.34386154556528886,0.003861275100390008,0.0,train
-0.4435523729855062,-3.440473271747605,0.0,train
-2.9869528024468446,-0.23692384511000647,0.0,train
-2.154669171511104,-3.2097479643422915,0.0,train
1.7694308930267537,-1.3288784547256658,0.0,train
-0.38744714688224086,0.11744123063692724,0.0,train
0.44926318706145724,-2.085897924433867,0.0,train
-1.9691628574153046,-3.377115762644846,0.0,train
2.0645928137141523,2.246959874904676,1.0,train
-0.3703120622729988,-5.476283548357079,0.0,train
-0.36855385716317624,-0.6413020580749379,0.0,train
1.215880482491909,3.0834795232142853,0.0,train
-2.314954183147799,0.5830376689831844,0.0,train
0.5258637377482033,-2.2038974470447648,0.0,train
-2.8738055272675966,-0.4942447518992725,0.0,train
-1.4485075377319694,-3.665723128062448,0.0,train
2.1183405132784454,-1.073527135210303,0.0,train
-2.0579392785310735,-0.2562186392574005,0.0,train
-0.008862267145608844,0.42863823994032035,0.0,train
0.6998870611403265,2.8090956780530445,1.0,train
3.0066820982599323,0.7371920954826794,1.0,train
0.7954737271564299,-0.6045674446006516,0.0,train
2.150851802285423,1.5641584737817087,1.0,train
-1.1269423891494939,-1.006994582387234,0.0,train
-0.28941758875915946,-2.3987583519558426,0.0,train
0.1820318183180857,0.40292630961401815,0.0,train
-0.2517657067886452,-0.8805448989375666,0.0,train
-1.8049981537710589,-1.3027871086535934,0.0,train
0.6636590076349627,-1.4880008910198195,0.0,train
-2.6285852956142617,-1.0315945886377873,0.0,train
-0.5286383312590877,-1.3786851487402598,0.0,train
-3.440091259971988,-0.1595440394480615,0.0,train
-1.3406954096424823,-1.4436128967254938,0.0,train
-4.210523901634334,-0.6124520652060043,0.0,train
-1.4327430609624683,-0.39682722978741647,0.0,train
-2.753754003208659,0.9733332605739502,0.0,train
-0.19770761073029083,2.3370291209277627,0.0,train
-1.7646363416068778,-0.5592506425354091,0.0,train
-3.7090421851995803,-0.36367739871493415,0.0,train
-4.522875601004971,-1.4384661477418286,0.0,train
-1.0894020186832707,-1.021930725033008,0.0,train
-1.8407814591698777,-2.1103498935338236,0.0,train
1.3211201993228676,1.2373516383885625,0.0,train
1.5635753532738534,1.3525748322607023,0.0,train
-4.94700801380308,-0.8105364342366166,0.0,train
-0.9000561906388512,-2.6266226281684064,0.0,train
-2.694843355540057,-1.4043063972623264,0.0,train
-0.23406607412493283,1.4692626973831233,0.0,train
-1.0617894795464293,1.4428027228589029,0.0,train
-1.9181502545783655,-1.338001953789798,0.0,train
1.987790075687701,3.0858413717690376,0.0,train
1.48522289509802,-3.111805039757821,0.0,train
-2.273198586235796,-0.4830789360319279,0.0,train
-0.3576474512729672,-2.460064394593708,0.0,train
-2.9880972833400032,-0.9547864624957084,0.0,train
-2.3055562686149536,-1.4862972277096334,0.0,train
0.009911235702179801,-0.7893631156702416,0.0,train
1.8035452444157705,-1.7938580446870118,0.0,train
0.1196988759445326,-0.5565061706431625,0.0,train
-2.5496360773308164,-1.5304485553467106,0.0,train
-1.5386836372526032,-0.7782079299729042,0.0,train
-2.991461226510857,-1.2776506368303269,0.0,train
-3.6532904760330775,-0.7212381477968797,0.0,train
-1.4844124339355083,-1.4988258141756374,0.0,train
2.0013804299701183,2.533060783477795,1.0,train
-1.1507520886670033,-1.7993124996900887,0.0,train
-3.7158276736903355,-0.4252877314539153,0.0,train
-1.0896253546262393,-0.5469413415463645,0.0,train
1.7317151088408278,-2.2551367004008793,0.0,train
-0.7867884257939753,2.069782119453581,0.0,train
3.4626071632931983,3.0096585885009466,0.0,train
-0.6053910846638577,-0.7469109030909555,0.0,train
0.6574626763940276,-0.5746424169610899,0.0,train
-2.053086126569743,0.5682046545797437,0.0,train
-3.619254954446655,-0.04478327303741966,0.0,train
-0.46974408480164975,-1.8637539653496202,0.0,train
-0.7111905139156808,-3.510440913715632,0.0,train
-0.6882694637464848,-0.5303810172946615,0.0,train
-2.2343729600580784,-0.7947168476969478,0.0,train
-0.4680143054145623,-0.7572820145318638,0.0,train
-2.0836471472079974,-2.58629498693095,0.0,train
3.3019186182751663,2.3781290913406115,0.0,train
-0.6463330878240645,-1.8259663288482804,0.0,train
3.957609090662659,1.4436552239893652,1.0,train
-1.223446005007324,-2.441954597488999,0.0,train
-3.115808243000212,-4.127009414733621,0.0,train
-0.4944786408447787,-2.508802420675741,0.0,train
1.856555483774058,2.268014483144549,0.0,train
2.544291979930843,2.829693924102667,0.0,train
2.6508153540099726,1.9934447278462186,1.0,train
-0.07777122014342462,-1.786180794474862,0.0,train
2.3168293941862763,-1.0395684270637837,0.0,train
-2.269155055854442,0.21033678557705576,0.0,train
-0.6591830088920088,1.1449833497447854,0.0,train
-1.463596535877335,1.5395798594498493,0.0,train
1.3988872439021842,-1.8852746135110021,0.0,train
-2.4426726302333814,-0.09526021199894336,0.0,train
-1.2908353525453762,-2.453120723679027,0.0,train
-1.6936286663360207,-3.5756060473116658,0.0,train
1.9769371124653283,2.3963090930457844,1.0,train
0.6847639701309295,-1.1733589289934905,0.0,train
-0.679122828603053,0.5900568642294924,0.0,train
-4.390566220803693,-2.672311818387821,0.0,train
-1.0287910614254527,-1.508796468431658,0.0,train
0.8488440552457882,-2.147885999170234,0.0,train
2.391963919970389,1.8843882878586353,1.0,train
1.5514241559958128,0.5814137076817828,0.0,train
0.6276115640723475,0.8078504233030298,0.0,train
-2.3650001667404217,-1.8686008024328638,0.0,train
0.6852524451238923,-1.8237623377627112,0.0,train
0.3256062231938757,-1.5308814868184117,0.0,train
-1.113351109993954,-0.9195075892937263,0.0,train
-2.6237139902084223,-2.0369452037379157,0.0,train
-1.5046162393872573,-0.18305222166415921,0.0,train
1.5909838919320742,-2.3442115670068837,0.0,train
-1.3602348281612182,-0.15359792159673155,0.0,train
-1.039359188390987,-0.9923954680182041,0.0,train
0.7529175141307435,-2.325250759376953,0.0,train
2.071464501471111,2.789276043927588,1.0,train
-2.285864744391868,-1.3952831816657376,0.0,train
-0.8440234727946478,1.689254992839779,0.0,train
-1.0138025138859654,-0.3823191673983139,0.0,train
-1.3197433263409615,-1.1992582020502072,0.0,train
3.3535478936041434,2.538138184969344,0.0,train
-2.794594521741853,-3.3276440514083423,0.0,train
2.268986795203698,2.566780284885608,0.0,train
-0.6278676376623948,-0.7127477935741982,0.0,train
-0.8780184173072488,-0.8333295488729193,0.0,train
-1.2311774595066132,-2.936746631848695,0.0,train
-2.944529212487055,-1.9780257630150722,0.0,train
1.9707775825478246,3.248039990491218,1.0,train
-1.4620908248646927,0.33420949104002085,0.0,train
0.26481646624148303,-2.466426887212734,0.0,train
-1.3158392633593934,-3.201710786160193,0.0,train
2.8613483610360766,2.200345584345652,0.0,train
0.08860189052996867,-0.7463064516096808,0.0,train
-2.775983463226438,-3.1465926688497587,0.0,train
-0.2784437468521006,-0.04826515817335998,0.0,train
-0.5811960851187256,0.6189712350076243,0.0,train
0.1904212231156476,-1.8479296096897826,0.0,train
-2.263185792384492,-0.9987559249973095,0.0,train
-2.354047159426469,-0.44745440786604135,0.0,train
-0.5911124382550279,-2.452037663924152,0.0,train
2.9021462798998927,3.291770426628644,1.0,train
3.2659084854735454,2.4089309204944946,0.0,train
0.6732852112469156,-1.0854934575477413,0.0,train
0.07950341078031449,-1.2816605737060518,0.0,train
-2.044890139921967,-1.2853778148531432,0.0,train
1.669836667350884,-0.4995460275634194,0.0,train
-0.6497725728219577,-1.2750181807461474,0.0,train
-1.3470718373907207,-2.99512620054057,0.0,train
-0.8389348842316965,-2.580719208375033,0.0,train
-1.837722439781814,0.07396596054153523,0.0,train
-0.7988617154019249,-0.32625444211769644,0.0,train
-1.5997449686222405,0.8437601413581218,0.0,train
-0.8924785951873927,-1.6017812321888634,0.0,train
2.5392436910602494,4.101914066916204,1.0,train
-0.4580951327584375,-0.5215517706754783,0.0,train
-0.15602023009655686,-3.5933642882941426,0.0,train
3.483803048751417,1.6157063141846997,0.0,train
0.5130165064701375,0.7969092853885681,0.0,train
-1.6514700147526626,-3.4468153197867593,0.0,train
-3.0855035521355165,0.9378311540082552,0.0,train
-0.5599078887728036,-2.1949515232359973,0.0,train
-1.02862946982363,-1.4447912253323234,0.0,train
-2.0866664289104513,-3.2530387872104605,0.0,train
-0.49794870529086077,-1.4764341784526926,0.0,train
-1.7781420225162032,-3.8263362650887385,0.0,train
-1.9565562916184602,0.09872133325678198,0.0,train
-4.7197229262232225,-1.1322470361370385,0.0,train
2.3971722696447726,3.5931707764397487,1.0,train
2.6085845872537075,4.348290789436711,0.0,train
3.621811861418018,3.4201325089197536,1.0,train
-1.3261270951657642,-0.20540001014567252,0.0,train
-2.8074399602241313,-0.8573919836939978,0.0,train
-1.0689750669318143,-1.6573659718530616,0.0,train
1.6973277927891968,1.6310821283347803,0.0,train
-0.6332516738574129,0.008419489852452292,0.0,train
-0.4534321140752206,-2.7835151445861097,0.0,train
-2.880324110650934,-1.6027167582696187,0.0,train
0.25640900223617075,0.5460376364773369,0.0,train
-3.834985738929638,-1.0574124225965802,0.0,train
0.8924425799129218,-2.025008897272083,0.0,train
-1.2406142843320045,-2.332542070827631,0.0,train
1.4927475743167038,3.71113901979125,1.0,train
1.3946328231344252,-0.5685449508103596,0.0,train
-2.0337795737751434,0.5881003711325593,0.0,train
-2.290638285018753,-0.2780140525702902,0.0,train
0.07946905706356844,-1.0811664000975696,0.0,train
2.796981934189007,2.8062057282166086,0.0,train
1.4270242287386647,1.3787838280660576,1.0,train
0.1828442925260025,0.39067068622951034,0.0,train
-1.048645970676142,-1.9133293489370375,0.0,train
-0.08122117060698932,-0.7481752802213454,0.0,train
3.4635170332264678,3.7725606297008496,0.0,train
-2.215744875453529,-0.40444780385084683,0.0,train
1.8203152355118855,2.0915020256814985,0.0,train
2.6288076613722757,2.031576940701331,1.0,train
-2.3390239154343755,-0.7236208867599586,0.0,train
1.557371336268163,-0.5940363967260551,0.0,train
-2.5049915709580346,-0.413811851031369,0.0,train
-0.8107316314645437,-2.7377651233371045,0.0,train
0.3800609093932341,-1.0229251837368394,0.0,train
2.045160436681886,1.676156449590829,1.0,train
-3.0029403222337048,-1.5076769454561094,0.0,train
3.198433722097365,1.4756848442283415,1.0,train
-1.614008782003235,-0.24128574346474346,0.0,train
2.2404225149716486,1.523021320219091,0.0,train
-0.6612796858455705,-3.2891530229129353,0.0,train
0.5611727283106732,-0.7535707319398398,0.0,train
-2.145304941958178,-2.750839970920029,0.0,train
-0.5028965640483462,-1.221039134500819,0.0,train
-2.0872520680779543,0.06047628184137155,0.0,train
1.0851905143304663,1.7289166154142608,0.0,train
3.222776145321447,2.5752098382087,1.0,train
3.3241241582591017,2.6414499709844197,0.0,train
-2.503792479503012,0.9589416096535919,0.0,train
3.143773545183598,3.182198776459433,0.0,train
2.1537713222539225,1.9116133661261798,1.0,train
-4.508497772241885,-2.2010969403470755,0.0,train
-2.966239377173451,-4.0333037157206855,0.0,train
-1.6814656951099607,-0.8681841813241349,0.0,train
-1.8531474890137465,-1.7750688374107482,0.0,train
-0.24264205116802354,0.15957024378563942,0.0,train
-1.4961507643157976,-3.3086881492921423,0.0,train
-1.3064228957480917,-1.5773418915734179,0.0,train
2.3131873632766786,-2.9630613120984926,0.0,train
-1.7294004523502065,-1.758812821826468,0.0,train
0.7432385018322095,-1.718046300653147,0.0,train
-1.4734873842692868,-2.1387772755674126,0.0,train
0.7717603296346254,-0.3319499909204954,0.0,train
-3.04729269521727,0.189697059065831,0.0,train
2.671727298005073,2.7842981672319373,1.0,train
0.027946634659522053,0.9143300768279391,0.0,train
-1.40919607766782,-1.8889963356246324,0.0,train
-0.5895008037866623,-0.8511151338663216,0.0,train
-1.450166430200097,-5.154057193977521,0.0,train
-0.26930053110791224,-1.2083293501283796,0.0,train
-2.115812935120982,-3.6120092087600844,0.0,train
-0.9567577529032618,-3.4670813961367535,0.0,train
-1.9877391366095165,-2.6467598908883936,0.0,train
0.14593180520569507,-0.0939161101739975,0.0,train
-2.4549343406908606,-0.6700675026445121,0.0,train
-2.532294837681504,-1.8446086377991466,0.0,train
-0.7180929304104737,-2.243610771409285,0.0,train
2.0116106831474405,2.3513808330627315,0.0,train
-1.323716309689095,2.188500734794247,0.0,train
1.3474832173133418,-2.2265813229656146,0.0,train
-2.0713965387259248,0.7090754760649973,0.0,train
1.4261483009836518,-0.7880076855875385,0.0,train
2.740548091435685,2.4151421972417992,0.0,train
-1.8212832358231843,0.07909232724659528,0.0,train
-2.504723733919143,1.2827320003409057,0.0,train
1.2318196604734997,-2.533660851292547,0.0,train
-5.360312883571067,0.0600491521869567,0.0,train
-2.0732641977522834,0.2930526507896049,0.0,train
-1.7756046853939342,-0.2091071948868171,0.0,train
-1.1438651193585876,0.5151069964944975,0.0,train
-3.6360712514899474,-1.9519039342496762,0.0,train
3.5767003390258436,3.125049120560342,1.0,train
0.3714191803173295,-4.3643073754563995,0.0,train
0.26738444509854187,-0.8144587632056859,0.0,train
0.8100502702713271,-0.36486023004024465,0.0,train
-1.9983511534317415,-1.4829979337201022,0.0,train
-3.436888566234488,0.22723957076198664,0.0,train
2.5416231794079094,3.0469489526212277,1.0,train
2.0759932694254735,2.3110762961176463,0.0,train
1.7640051177502425,3.0400516147275516,0.0,train
-1.2031094372905131,0.6255257897096012,0.0,train
-3.7798056446122366,-3.1643105319292806,0.0,train
-5.099326241595734,-1.7434476016112395,0.0,train
0.10607326901642053,0.855548373909735,0.0,train
1.8059065885426377,4.952829391239118,0.0,train
1.2239045751619329,-0.5584978367228142,0.0,train
-0.7130299629018763,0.15007048249830537,0.0,train
1.333449650686495,-1.1243129130719771,0.0,train
-1.95291240045951,1.2113613510366967,0.0,train
2.1505053395221747,2.9158733847821128,0.0,train
-0.18491181199760118,-3.4525207913921547,0.0,train
-1.0079242372841353,-1.4526486664799108,0.0,train
-0.17755079620929268,-2.26456795668495,0.0,train
-3.207170266723733,-1.9647910497920393,0.0,train
-2.6934771691259103,-3.426203786138238,0.0,train
-0.33554985464311454,-1.134278661586242,0.0,train
-3.570276376246773,0.7505539561829404,0.0,train
-2.2476665139264114,0.12526061191836446,0.0,train
0.5162749001495448,-1.4188675879738333,0.0,train
1.0479791992584078,-0.6106231774687569,0.0,train
-0.5883409998350277,-3.1136815182500177,0.0,train
-1.5511896722632244,-1.3537640137469311,0.0,train
0.31967057630782747,0.006516792141075925,0.0,train
-0.07452880282889617,-1.5443445116282362,0.0,train
0.7466187998277032,-0.2919555325947418,0.0,train
-0.32625585304988,-0.23177892719790738,0.0,train
-1.0896405265261564,-1.257123879929466,0.0,train
-1.2490795252156839,-0.06464120964254709,0.0,train
-2.044509446081784,-2.145622692966329,0.0,train
-0.0055927034686627155,-2.22606165975477,0.0,train
2.2889694715675,2.1293406882321033,0.0,train
-1.086441508260486,-1.7098840942081766,0.0,train
-2.0454946376698415,-0.18396506390358736,0.0,train
1.0585509314926644,-0.7020066589750257,0.0,train
2.661528001568088,2.468931969153536,0.0,train
2.7869375593362755,3.5579659758134667,1.0,train
-1.780970916477359,0.02217545477100862,0.0,train
-2.5051037472838433,-1.468065638413643,0.0,train
-0.21182438474426815,-1.024839131384611,0.0,train
-3.208078810955785,-0.4778678415333095,0.0,train
1.6182253607566215,2.7413728748008563,0.0,train
-3.492895856169187,-2.1194168549307983,0.0,train
0.08928033363519425,-1.6178496191951353,0.0,train
1.4235994467600444,1.0497332781687432,0.0,train
-1.5143636391293382,-0.6936996154906762,0.0,train
-0.9974075764001323,-1.2320062190628076,0.0,train
-0.7376047509558643,0.22586169374326195,0.0,train
1.9691718413567625,2.0092657211087777,0.0,train
-4.173128881905793,-1.5010494639910583,0.0,train
-0.5947840650991698,-1.2935870769613342,0.0,train
-1.1183300832034333,0.10172213352676027,0.0,train
-2.4140899823860704,-0.5361181510688413,0.0,train
-2.3129983836452133,0.12267772575807279,0.0,train
-0.30770037700834774,1.0334649114174592,0.0,train
1.1934136981371217,0.25777560308260566,0.0,train
-3.137711752943118,-0.5427625583824597,0.0,train
0.9209500161879466,-1.2956189617375293,0.0,train
0.048843667256113686,0.483858619038941,0.0,train
-2.6158399968176433,0.989119780046089,0.0,train
-2.789458613291087,-2.561642833827446,0.0,train
-0.629571531298136,-0.07844135007146667,0.0,train
-0.3340858855757844,1.1799091379402786,0.0,train
-0.6715598483123136,-0.058529551034466436,0.0,train
-1.9225916190389396,-1.3200081919598252,0.0,train
1.6923054531690112,2.3326595401026293,1.0,train
-0.6191550079170958,-2.0737154230163153,0.0,train
-2.106762733535026,-0.8013710404615738,0.0,train
1.0015676818627004,0.4889780440836225,0.0,train
0.6399753802889324,2.324966668853963,1.0,train
-1.815029534904317,0.5673098112310644,0.0,train
-1.7327117657438684,-1.5218240990069736,0.0,train
0.10349013774872053,-2.514452729308562,0.0,train
-2.300241999959793,-2.5735731781921927,0.0,train
-3.1052891182578923,-1.1313400901675599,0.0,train
-0.884551367626795,1.1040956809626064,0.0,train
2.1225494762072783,3.602360762178017,0.0,train
-0.7021943152239063,0.09617503255202058,0.0,train
-0.15725707511100478,-0.8988255539023507,0.0,train
0.5333452633864044,-1.4631742340971434,0.0,train
-1.6166554868183667,0.07774919184911701,0.0,train
-0.6114434942731599,0.06808636690084113,0.0,train
2.3685643258997673,1.6405081134172523,1.0,train
2.336382009280271,1.6657118872123962,0.0,train
-1.162062661641982,-0.5872795548789596,0.0,train
-1.5119045568007408,-2.883429785911863,0.0,train
-1.857177489153821,-2.701269302920301,0.0,train
2.7115645042634426,2.248861748370858,1.0,train
0.05614000991583716,-1.5542092997111985,0.0,train
-0.1794922604920473,-0.37116749929939424,0.0,train
-0.0591900017214485,-1.7447206983481887,0.0,train
-3.0997183044154726,0.9006005017064647,0.0,train
-1.8419339224146276,-1.372121186565408,0.0,train
-1.1082095885653191,-1.0509185388670186,0.0,train
-1.8532591818302016,-1.6769629598244133,0.0,train
-3.168015108379646,-2.4840801164429647,0.0,train
-2.92789744800603,-1.018070111032577,0.0,train
-0.4842971773342733,0.3828443776220491,0.0,train
-0.9253187420105715,0.541027733034713,0.0,train
2.259411014424576,-1.9286566216100842,0.0,train
-2.5234964207667363,-3.0707929672795458,0.0,train
-0.33647410621678125,-1.3742318047345876,0.0,train
-3.3638932966368875,-1.6039404445785177,0.0,train
-0.344591526714681,-0.262541928767002,0.0,train
-3.743834274569938,-2.052415919335147,0.0,train
-0.4896057186431472,-1.5523997617931957,0.0,train
0.697793840109849,-2.0496576315573494,0.0,train
-1.9881976923232678,-0.40276636284576894,0.0,train
-2.406702106590192,-0.4855473119561419,0.0,train
0.15921467968126876,-0.02327917218445647,0.0,train
-1.0411906916614249,-0.42232170271300795,0.0,train
-2.5297501211752285,0.1136777154188972,0.0,train
0.7261224402936501,-2.3877660030016927,0.0,train
-1.3294407854419248,-0.6969633824160542,0.0,train
2.4952991786424765,3.114231308275749,0.0,train
-2.1230382102239433,-1.1831236981921962,0.0,train
-1.2677873302021851,-1.0278278154589313,0.0,train
-1.4255109324749444,-0.9426948057859326,0.0,train
-1.9764835659747861,-0.10700259728079496,0.0,train
1.6450444125702857,-0.6146959237488564,0.0,train
-0.2778390699500046,-1.3096635783314259,0.0,train
0.03560370670534892,-1.8212826338733,0.0,train
3.3694646278146907,2.459516749510926,0.0,train
-1.0549754953347683,0.7001436855881669,0.0,train
-1.9300789275680623,-1.3219596176734045,0.0,train
1.8570145211834588,3.364130730030308,0.0,train
0.9520322907122343,2.3080506629935713,0.0,train
-0.22925517722592417,-1.6404957015388864,0.0,train
2.6005841768747144,2.3943161093669585,1.0,train
-1.2461994159849221,-1.5208793629874684,0.0,train
-3.217422519427531,-1.3437715508215136,0.0,train
-0.7156589733850912,-1.4324199305568786,0.0,train
-2.7385386284038,1.1747780137161719,0.0,train
2.343595337733518,2.9526542774624747,0.0,train
-2.5192704280495386,-0.7573374170981243,0.0,train
-0.5905657074291144,-2.3239960556204884,0.0,train
-1.7558095120471207,-0.8508667121131587,0.0,train
0.36713793629369995,-1.4974077275817907,0.0,train
3.1449114868120174,2.1188986020790703,0.0,train
0.04898343069332765,-2.4904005818875254,0.0,train
-1.3793649570369664,-1.6430787825530424,0.0,train
-2.5919676085857253,-1.2182228072514076,0.0,train
4.704646046620761,3.3329945533558365,0.0,train
-0.6954001022159519,-1.9467248783649451,0.0,train
-2.319700008963752,-0.5434874668948028,0.0,train
-0.5294037251834842,-1.0556641000925195,0.0,train
-1.3259065469405542,-2.824268293732077,0.0,train
-1.2646652038328587,-1.1474292185111126,0.0,train
-1.1422835814299992,-1.9596188150052378,0.0,train
-2.4165220376656658,-3.656115407196104,0.0,train
2.4964366935039335,3.025179948061069,1.0,train
-0.7817312792333918,-1.9683978703892495,0.0,train
-1.1036992448462344,-0.3443035120867326,0.0,train
-0.1405662051449514,-1.4961594724175127,0.0,train
-0.22766623969701497,-1.3906042467317536,0.0,train
3.54320003610411,3.2576647705033936,1.0,train
1.3668085068687663,1.8380782185870759,0.0,train
-1.3752057198596235,-1.5206610075886904,0.0,train
-1.0005238126751945,-3.9856530624634754,0.0,train
-1.0555046080927835,0.9377721917451104,0.0,train
-0.6232640050342275,-2.104517440174167,0.0,train
-0.7987189479212716,0.6628196578470655,0.0,train
-1.2817008634266458,-1.0955359409283723,0.0,train
-0.5777106735574699,-0.4034533274116039,0.0,train
0.7201068618120919,1.5835347476166997,0.0,train
-2.660497515581082,-2.482684979244202,0.0,train
-0.5184412794019281,-2.995910068749438,0.0,train
-1.0617046116589746,-0.5008405018114361,0.0,train
-2.3875340951193844,-0.9696146253165021,0.0,train
-3.2406935261877634,-0.22560271941347265,0.0,train
-1.443499554857969,-1.8925635540805665,0.0,train
-1.4197944248388517,0.5665216778640904,0.0,train
1.361806585187669,2.70676223273039,1.0,train
-1.6529045724706544,-2.1756659005279864,0.0,train
-0.38301055733101474,-0.5204784526652229,0.0,train
-0.7749597172155578,0.9612436007679308,0.0,train
2.0999932534522014,3.588356961988206,0.0,train
-0.08478507817315592,-1.0721324593292847,0.0,train
1.695793321801029,-2.9747492201825754,0.0,train
3.353059642533006,1.7626928604017509,0.0,train
-3.3988152131500344,-1.1974317311582314,0.0,train
-0.2517701769989712,0.1402561248610604,0.0,train
-1.563055310362271,-2.9476062817375697,0.0,train
1.7195337355202736,2.482647312389012,0.0,train
1.5032712421975478,1.9141861162372387,1.0,train
-2.9126210267372135,-1.5453748630933835,0.0,train
-1.7392484683978178,-2.0194596191475607,0.0,train
-3.390041210297331,-0.820821711179484,0.0,train
-0.7721166486941992,-0.010671446748270115,0.0,train
-0.27116501451845565,-1.572228720740685,0.0,train
-1.2481773952153772,-1.730976052079798,0.0,train
-0.7869883349637108,-1.8900385161410744,0.0,train
2.3823635945229333,1.995537608023184,0.0,train
-1.2994711180651515,0.14136920940542805,0.0,train
-2.4675149428681116,-0.47825601441902493,0.0,train
0.9274155325030271,-0.5166102325526735,0.0,train
0.3663340092440862,-2.787919308840025,0.0,train
0.7496153836909415,0.05088755899967634,0.0,train
0.26399098155902995,-2.7010752237974853,0.0,train
2.4394387790233414,2.6616915160351677,1.0,train
-2.0305853198621753,-0.11641927519763423,0.0,train
0.34636122192374275,-1.6198834219857752,0.0,train
-2.2098800169109967,-0.9238177832314459,0.0,train
-1.3796597198120786,-3.177613121015133,0.0,train
-2.2716881807309224,-1.5113627821535494,0.0,train
1.8570667158557184,-2.138787341348269,0.0,train
-1.761597382564903,-1.0616827700996478,0.0,train
-0.6583982344883688,-2.3263100460521215,0.0,train
1.4014422242938314,-1.0764848408277452,0.0,train
-1.2221764871719083,-1.6105150519565814,0.0,train
-2.619562149893148,-2.9108314410254326,0.0,train
-0.7221848895295834,-1.0240555986444775,0.0,train
0.3403935534809156,-2.7342840568435705,0.0,train
-1.793222141027269,-1.2150107347507124,0.0,train
-0.4143064987550876,-1.5264380107696398,0.0,train
-0.5364375733224916,-2.7080089077183387,0.0,train
3.1749861298426145,3.4318911848888227,1.0,train
-1.74161742540266,-3.909295416065087,0.0,train
-0.49135104918940714,1.142748745033832,0.0,train
0.024490376176968233,-2.96605996516836,0.0,train
0.30310319412310455,-2.6142627041108715,0.0,train
0.10255714394378175,-1.0048297959119223,0.0,train
-0.06392550876912148,-0.18161214042940543,0.0,train
-1.6454570410996718,-1.5948320298143526,0.0,train
-1.6699383755550101,-0.9558893912915903,0.0,train
0.19290013960465946,-0.7839514179339117,0.0,train
-0.8151540940866684,-1.7901135979167326,0.0,train
-1.0891576405583379,-1.7594093498089187,0.0,train
-3.9770973184188905,1.3660253987762587,0.0,train
1.5177381881939669,-2.5502375638466934,0.0,train
-1.2323064842086837,-0.33862950425808547,0.0,train
-1.422346857850603,0.4512482281301939,0.0,train
1.2819713730242546,-1.4403392909225272,0.0,train
1.937011811354406,1.487662823163158,1.0,train
-1.197416404158443,0.8957139355073173,0.0,train
-2.6046926670213826,-1.2575013699826059,0.0,train
0.33301522858120336,-2.2012658826934963,0.0,train
-1.141646110262,-1.3756458638589282,0.0,train
-0.9643723336803943,-0.3578097369758333,0.0,train
-0.16710379341444653,-2.276939667256694,0.0,train
-2.931656476271107,-1.905392977748387,0.0,train
-1.7644099656644483,-1.639506047645979,0.0,train
0.4325365806477509,0.8397462959545936,0.0,train
-0.8835978484312181,-1.5173072826655278,0.0,train
2.4857369578473794,-1.1284170704899512,0.0,train
-0.4988631313015806,-0.4191870382438077,0.0,train
0.4959898203863082,-1.6671138025313377,0.0,train
-0.17486132733991852,-2.4444398554018054,0.0,train
-0.44827778582358296,-0.48852760134189027,0.0,train
-0.8065195755923502,1.1110732780859958,0.0,train
3.537532319840419,2.223461976428428,0.0,train
-1.0456317002739577,-0.759128498567297,0.0,train
0.08196752757390814,-2.5557289330309594,0.0,train
1.9052006005169533,1.7626196989932643,1.0,train
-0.9974431017520167,-1.2406706469996822,0.0,train
0.06576926471842708,-3.2076258546817655,0.0,train
0.06612203496424837,1.2903380896286418,0.0,train
-0.11781262048152653,-2.9512686498233234,0.0,train
2.7783214095763773,2.054563059877455,0.0,train
-0.818908062791581,0.774784823755501,0.0,train
-1.9749295976623775,-2.8290109394138163,0.0,train
-1.3606252777954344,-2.9140419397476776,0.0,train
-1.6375671277561135,-0.012083578150544878,0.0,train
0.11284749517650679,-1.6726243153254956,0.0,train
-2.2131103001876573,-0.8284382662495439,0.0,train
-2.0764414491130667,-2.0938453616974084,0.0,train
-1.121347000272992,-0.8694166230294617,0.0,train
-2.3151350116503124,-0.2828175851717985,0.0,train
-0.9054031115868019,-1.4077960759511638,0.0,train
1.8702458062742737,2.964227533379446,0.0,train
2.372619992068418,2.9326764677486463,1.0,train
-1.4204949852862845,0.25618469219681744,0.0,train
-0.2833293291708112,-0.7807681491845113,0.0,train
0.2492573983088804,-1.7187471654251034,0.0,train
-0.7481832516641074,-2.0815860818908303,0.0,train
-1.9464024158706585,-0.16525801051290706,0.0,train
-4.564266440512509,-1.4768749101144008,0.0,train
-1.7570827769337334,0.9459604206117262,0.0,train
-3.8447182871903505,-0.6852759751339222,0.0,train
0.04523279836705609,-0.7786842125367031,0.0,train
-0.0478881698193218,-3.449872719600452,0.0,train
2.118736767553269,3.611183979870647,0.0,train
0.655906171750296,0.36646970989743183,0.0,train
2.5692954103908336,1.3103417042596814,0.0,train
1.3619370931387635,-1.933094655115843,0.0,train
-0.2745455626906741,0.17648606574971093,0.0,train
-1.175811335092481,-2.5340881235181816,0.0,train
-1.0573788105751876,-1.7777334229165582,0.0,train
-0.477314392324534,-3.71079436838252,0.0,train
-2.216148398075869,-0.49029419349991754,0.0,train
-0.2055796968389292,-0.6056993590903608,0.0,train
-0.6042881500875464,-3.6140976111464176,0.0,train
0.06471834766150578,-0.180601414278997,0.0,train
-1.7949850727504268,2.6395260863738037,0.0,train
-1.8508368826191455,-4.213593873746433,0.0,train
-0.7090583644335104,-2.713045008991979,0.0,train
-1.4892488595538769,-3.8437766182687256,0.0,train
0.6077568749784205,3.482946975362737,1.0,train
0.6187315255368842,-3.085731367111521,0.0,train
-0.17826249517117823,0.9319550828260866,0.0,train
-2.618311435167625,-2.398638264653559,0.0,train
0.0777136028730631,1.7993053494629812,0.0,train
-2.461028613912007,-2.218876873412036,0.0,train
3.011881660137903,3.1034951237116406,0.0,train
-0.8913986129096652,-1.9652964402940056,0.0,train
1.5527056265942487,1.970637942368772,1.0,train
2.122227245779165,1.6961591943778427,0.0,train
0.5001536769011075,-0.4761734709492061,0.0,train
2.0255114352651407,-2.405783471134888,0.0,train
-1.5316661450256481,-0.4335450924245796,0.0,train
-1.5530138256983104,-2.231243600586043,0.0,train
-0.5514943348762551,-2.50158792578049,0.0,train
0.8209575584486809,-1.485689915169158,0.0,train
0.9256234363392415,-3.5408211888404004,0.0,train
-1.2501282131083364,0.429993710840258,0.0,train
-0.6813885271060958,0.01972364424325781,0.0,train
-1.7898655396410605,-2.405248678520396,0.0,train
0.05012756757683532,0.3239814783981358,0.0,train
-0.6826216009868108,0.6273896625818401,0.0,train
1.874860766658148,1.4300822067773669,0.0,train
-2.705381128251543,-2.3461783638056777,0.0,train
-0.6407041058215557,-1.3681684516254362,0.0,train
0.009468530008226474,-1.9918513312371904,0.0,train
1.1841220059695572,-2.6493198255961254,0.0,train
0.8647179159427844,-2.7488277123462668,0.0,train
-1.476034975008637,-1.5754121852693046,0.0,train
-3.825727424063984,1.739072251811306,0.0,train
0.4953084157654432,-0.5351459490070809,0.0,train
2.1570900650873845,0.631165940852209,0.0,train
3.766778303041698,3.5562887896654716,1.0,train
1.3208896415664326,3.3230834782425465,0.0,train
1.8963153669920552,3.8512859619549387,1.0,train
0.8263115460890063,-0.7882146894139715,0.0,train
2.560474888594308,1.358580919208214,1.0,train
-1.5343788127450573,-0.6219331644843955,0.0,train
-0.4924965011325333,-0.37841204049466326,0.0,train
-0.2505664937214644,1.4469954600538868,0.0,train
0.7115903452771306,-2.9034244238985782,0.0,train
-1.966368778657899,-1.8977016913276141,0.0,train
-4.624712412762405,0.4860769751229144,0.0,train
-0.08718479106277097,-1.0259543386333034,0.0,train
0.9786917612992043,2.4128682176740615,0.0,train
-1.0870208095866583,-1.8352594710828272,0.0,train
2.9892369450163168,2.1250463423165784,0.0,train
-0.06029713154317779,-0.5467894612437629,0.0,train
-1.9498527022186258,-0.32288332398497815,0.0,train
-5.077976214889432,-1.5084265810787225,0.0,train
0.1844225632598738,-1.3126895950241613,0.0,train
-3.160510946665299,-3.2070383016212562,0.0,train
-0.5516595133814236,-1.007128175428982,0.0,train
-1.215679883415953,0.5127461702048599,0.0,train
0.9338870690876895,-2.799721390878748,0.0,train
-1.7753360351168326,-2.8085739065013113,0.0,train
-1.1482755722720213,2.838651617482083,0.0,train
0.16189794594936815,-3.003951991314891,0.0,train
2.121437871751831,-0.8428576925228838,0.0,train
-1.1445065080011303,-0.9441982153394693,0.0,train
-2.8973408844278885,0.18292967427160034,0.0,train
2.527782230687352,1.904511519255315,0.0,train
1.951603775949853,-1.48842564412973,0.0,train
0.27271257433895557,-5.19300389181062,0.0,train
0.826769758161512,-3.0424778549080007,0.0,train
-1.1244425702614163,-0.6839283977166223,0.0,train
-0.5276057530244486,-2.517851595279808,0.0,train
-0.11721625509815205,-1.757296047485707,0.0,train
-1.3760968593048246,1.5090344769948534,0.0,train
0.30606731849903707,-0.6204202034609663,0.0,train
0.5596960046597621,-0.528697940880782,0.0,train
0.3010563298986957,-1.9476102550335264,0.0,train
-1.0366195011321557,1.2339834172577675,0.0,train
-1.4168646717185052,-1.4829626845334434,0.0,train
2.488868265180725,3.3334718073702576,1.0,train
3.9413078958929,3.552083011787496,1.0,train
-0.7650436423886198,-1.6316802027984652,0.0,train
0.3361911869337365,-0.23775267611555226,0.0,train
-0.8549628707075025,-0.5850079991327545,0.0,train
1.83539843451653,4.376646459072535,0.0,train
-1.2357738218550205,-2.8189638181830903,0.0,train
1.9811195136773323,3.0424317816991975,0.0,train
-0.09813326753443523,-1.3219054742446408,0.0,train
-2.0640823060902074,-0.7428027476754724,0.0,train
-1.2644325399771446,-1.3560200173881727,0.0,train
-0.5242887996163262,0.9489964397996972,0.0,train
0.20714465846787514,-0.8375150571965758,0.0,train
-4.041769659617071,-2.0866834830903427,0.0,train
-1.844474591320591,0.3339769552531639,0.0,train
0.33112787109275144,-1.1808466059815166,0.0,train
-3.576537176448046,1.2945479452332351,0.0,train
-0.732610514863782,3.024300673951784,0.0,train
-2.0913808545398425,0.776224201787535,0.0,train
-1.5286629338091098,-0.289760490202862,0.0,train
0.909473138302514,-0.23517192834998177,0.0,train
3.1836673878827266,2.108824748926364,0.0,train
1.6004217698591332,-2.1490239519725507,0.0,train
-2.475603913779148,-1.9300988330950757,0.0,train
-2.24842525659918,0.6414317182848521,0.0,train
-2.7869378052723244,-1.6619758740541366,0.0,train
1.3264200346063515,-2.9732337231231387,0.0,train
-1.7067938514864476,-1.2111328617986143,0.0,train
1.4950895442178136,1.5546536194508294,0.0,train
-2.4520346508487276,-2.29695136699328,0.0,train
2.785904328527165,1.5333450941742628,1.0,train
2.4381239522206273,0.8866714478134038,0.0,train
1.4912317759475726,3.1663155594886683,0.0,train
2.7085037992535517,2.4796437466459653,0.0,train
-2.631168201861,-2.271571153027639,0.0,train
0.8357715892376496,-1.1236452363468188,0.0,train
-2.4214294415806132,0.5668301046516749,0.0,train
-2.5820781900028917,-0.5982622480587142,0.0,train
0.032820690949083645,-0.5705145751364133,0.0,train
1.4707404266098847,3.6379028041987573,0.0,train
-3.061715914001329,-1.554622320775082,0.0,train
-0.520231802496049,-2.0652195225090004,0.0,train
-2.9694078845899154,1.0156281806830272,0.0,train
-0.8523007312751647,-2.7693695020336553,0.0,train
-1.073549768426599,-3.6327543583151694,0.0,train
-1.2989624793161811,-0.06890750811905631,0.0,train
-1.9807683523281476,0.8735913211790719,0.0,train
0.6691422994024342,-2.7725338075532604,0.0,train
-2.245915404539638,-1.2632237783601676,0.0,train
3.1271803760490635,3.694744916176609,1.0,train
0.04731649801929842,-1.9606360248195231,0.0,train
-0.9491715686823555,-2.753012720822462,0.0,train
-2.601236128942226,-3.4023243324616486,0.0,train
0.1819414847541493,-1.1422524470780335,0.0,train
2.781164060949851,2.1205336105324486,0.0,train
-0.49304191941081443,-1.4315894105570381,0.0,train
-0.7937458899461397,-2.1543950347726164,0.0,train
1.767311886545822,-0.14437615533221346,0.0,train
-2.193346081376205,-1.5282434411713404,0.0,train
0.5041757324848515,-2.4049834007889963,0.0,train
0.8169003395768188,-0.35107561787453545,0.0,train
-2.114451858721752,-1.9205663270729885,0.0,train
-0.045348255669510146,-0.7542300822289995,0.0,train
-2.0708235514011286,0.13575616691828976,0.0,train
-0.2873172813646279,-3.6844496608390918,0.0,train
-0.04797833428582882,-1.1366312523395028,0.0,train
0.10573603215438965,-1.2454077390988503,0.0,train
0.12571054136782206,-1.7058789468879876,0.0,train
2.383677737765036,-2.214390024823502,0.0,train
-2.0122538744851113,-0.938869733499254,0.0,train
-2.1461237921299823,-2.3566174030614886,0.0,train
2.763175703568162,2.2931419636208608,1.0,train
2.910441707104244,2.2619327688453357,0.0,train
-1.3617363437858845,-2.083876953447864,0.0,train
-0.6739643082767183,-0.2622167822444087,0.0,train
1.9678442612107092,2.7812080560744157,1.0,train
2.9649326499302444,3.535647055552894,1.0,train
3.2333238310596766,2.796757468075528,0.0,train
1.6021437807906673,-2.4762056025471177,0.0,train
3.303169260673736,2.0056743642339194,1.0,train
-1.6314602542397492,-2.6178840090329243,0.0,train
3.636785617849533,3.080875031158212,1.0,train
2.1979491958137536,1.6270831059046436,1.0,train
0.5608596670668422,-0.42696320778890196,0.0,train
-1.6909212928810844,-2.2495921203892997,0.0,train
-0.0571833137454442,-0.768651345961873,0.0,train
0.421457794364256,-1.2068805338597335,0.0,train
2.2666940556681983,2.7410337412428483,0.0,train
-2.5441348037996385,-1.7596321383240416,0.0,train
1.116405737460941,-1.6654676196802523,0.0,train
2.1943981662852154,4.541939220296865,0.0,train
-0.5434089672098914,-0.8130284188710776,0.0,train
0.32666006157702593,-0.12427091726551656,0.0,train
1.4738806047408812,2.0314737601269126,0.0,train
1.4340429559949375,0.7763413834477224,0.0,train
1.9366883501758665,2.137540445065029,0.0,train
0.04332689608718363,-2.121073168403157,0.0,train
3.666416546829567,4.068206653159971,1.0,train
0.6338043511489091,-0.42162414254592895,0.0,train
0.717857300880556,-0.4718990660423503,0.0,train
-3.4078749529214796,0.7070964242256872,0.0,train
-0.32206422012108216,1.2600833739909936,0.0,train
-0.9875941413480753,-1.2761919402565798,0.0,train
-3.0139317085866137,1.9663242430210492,0.0,train
-3.052354340935342,-1.795518693118069,0.0,train
0.38632213521120823,1.2865673824817903,0.0,train
-3.373107825237512,-2.1179226000277818,0.0,train
-1.4903336897523314,-2.7028527766450283,0.0,train
0.13051704551747173,-0.4998500374741223,0.0,train
0.36366630173189035,0.07541416976444693,0.0,train
-1.146225896693187,-2.123202563515034,0.0,train
-1.1978017653628756,-2.798164890930586,0.0,train
-1.7615408105022559,-1.1868321819521563,0.0,train
-0.6281412186896147,-1.9240230350057344,0.0,train
-0.25624829810933525,-0.875321545765092,0.0,train
0.9445880192115645,1.4537974424790818,0.0,train
1.1888200843010155,-1.7898555036103179,0.0,train
-4.349675687882425,0.6468722371317902,0.0,train
0.6648161774838468,-3.384962422692217,0.0,train
-1.0201092622620214,-0.6096313116759583,0.0,train
-0.6341088161459456,-1.0250835424769618,0.0,train
-1.8777483643291983,0.681685610466628,0.0,train
1.3522001377418582,0.5334245150074076,0.0,train
-1.9673217794360356,-3.025636917579077,0.0,train
-0.6025587184867718,0.7743196984992357,0.0,train
0.0518462655970711,-0.46177321476375116,0.0,train
-1.4897189015486336,-2.1596419103031708,0.0,train
-0.07170993337977728,1.2711630019264981,0.0,train
1.6435644722433873,1.6978525607737442,0.0,train
-1.6753535409849891,1.1314442744475766,0.0,train
-2.925283360073837,1.7978740583804211,0.0,train
-0.4211910571569131,-1.5236373056279013,0.0,train
1.6473295824293002,2.223102979861461,0.0,train
0.9305153017933787,0.347735725610146,0.0,train
2.6998282972469334,3.325162467895578,1.0,train
0.2175678567435057,-0.31593196572721655,0.0,train
-1.1501767689355884,1.0299562926787589,0.0,train
-2.5695717505149123,0.6112362437244535,0.0,train
3.81787125308488,3.2339903867554356,0.0,train
-2.5643467299675624,-0.06777790019106952,0.0,train
-2.673818513505239,0.43595487384432374,0.0,train
-0.6022860494135281,-2.8670893997138793,0.0,train
-1.703593228824074,-2.453289827235108,0.0,train
-2.6463383315404996,-2.1932475824519067,0.0,train
2.9904985090692637,2.3397362388723453,0.0,train
3.9531807527049154,2.4601592247522857,0.0,train
-2.1792993365753763,-3.528585668536078,0.0,train
-1.3284219715630088,-1.2596696187187437,0.0,train
0.014930558973366675,1.5861768346944642,0.0,train
-2.1011999682330105,-1.6596546866056916,0.0,train
-1.2108371977045669,-0.5142661000166928,0.0,train
3.0553375493656065,1.8933041992812727,1.0,train
-1.8481379871883394,-1.8023809020731916,0.0,train
0.8170204656547904,-2.354947810568878,0.0,train
-2.6740544428826136,-0.9341170431371658,0.0,train
-3.1666485134006184,-1.1219076259415304,0.0,train
-0.06293002230145156,-0.40924270731072315,0.0,train
1.4778558668907136,3.0043291926145854,1.0,train
-1.1235789964773624,1.1591141724930336,0.0,train
-0.1554066573286355,-0.21201081147659204,0.0,train
-1.2107788449519825,-0.8034809879773206,0.0,train
-1.03154504845458,-0.8261041529736929,0.0,train
-0.8272366246104041,1.0905969579488233,0.0,train
-1.105801974793764,-0.8828788294519067,0.0,train
-0.7853627826289886,-0.31710084255276083,0.0,train
1.1697333918420272,-2.6982350875563403,0.0,train
1.9295455239525823,2.9968142828320787,1.0,train
-0.09486314633007607,-2.6299067655593573,0.0,train
-1.8738997221028237,0.7284431808044652,0.0,train
1.9658501664519437,2.630595204578142,0.0,train
-2.7834717461632366,-1.4430025288723123,0.0,train
2.843890955857784,3.056834179170295,1.0,train
-0.8272701873933445,-1.9072228118654777,0.0,train
2.7698604762907073,-1.611700544274023,0.0,train
-2.2888666492168035,-0.7555510829049082,0.0,train
-2.6512033064424285,-0.2860666099254501,0.0,train
-3.873895948955672,0.46216750309698373,0.0,train
2.9466719693561148,-0.5178201248981873,0.0,train
0.8976132401377389,-0.9969037563972707,0.0,train
-1.8874042769124273,-0.5850693462288958,0.0,train
-0.4670305332597871,0.6302270795106056,0.0,train
-1.4706985086958713,0.4652151547098948,0.0,train
-2.117149258592665,0.600720372828306,0.0,train
-3.1580560926066488,1.0014957805806726,0.0,train
-0.12320632691550669,-0.4829985140373966,0.0,train
-1.274517561597117,-1.5025449053862574,0.0,train
-0.030760527494956252,0.20613350066973082,0.0,train
0.717092625653798,0.6704659347776045,0.0,train
1.7328530337646224,2.949918141834367,0.0,train
0.28870911135829463,0.6767262691430816,0.0,train
-3.1786494645112477,-0.7449906903703211,0.0,train
-1.403472794802651,-1.1309755080807586,0.0,train
1.0647517129216737,-1.0696580644157554,0.0,train
2.1219298585932127,2.9690698252250405,0.0,train
-1.6735107161120781,-1.5780242488513316,0.0,train
0.8697635902832371,-1.7790843759905546,0.0,train
-1.677719687606778,-0.8741001938268993,0.0,train
-2.793110585085889,-3.578952806225509,0.0,train
-1.0992746106885944,-0.2618701286079509,0.0,train
-1.5418378208873316,-1.139599780819548,0.0,train
1.9400267661493402,1.3214855402674999,0.0,train
-2.3844334170283,-0.9126678037725993,0.0,train
-2.717722177001285,-2.615154044958684,0.0,train
2.7555313762019047,2.2128693531691037,0.0,train
-1.4816105698023663,-3.8188759824789376,0.0,train
-4.330495962942903,-0.38250942312541103,0.0,train
-2.4250034770676283,-0.3896465083660389,0.0,train
-2.8099784612932983,-2.053601800673472,0.0,train
-2.4644351180894897,-1.9184070374272588,0.0,train
1.366796103475156,-0.12902468975190512,0.0,train
2.990551262287205,2.3782456332733677,0.0,train
0.31230186826143896,-0.6937221936877117,0.0,train
-3.6882496876941273,-2.077001518503628,0.0,train
-1.0482511884619696,-2.6887661765047506,0.0,train
-1.4479014581367577,-0.14863607849488433,0.0,train
-2.477129586775888,-0.6650808395662524,0.0,train
-2.8575645660967774,-0.5745539895182018,0.0,train
1.4571282191387356,-1.9811128357781944,0.0,train
2.7716960065989142,2.8390170822826777,0.0,train
-0.626071253668511,-2.64265776739046,0.0,train
-0.524686739788418,-2.799533950413712,0.0,train
-1.7724239840675708,-0.26692790689716006,0.0,train
-2.7496860144213113,-0.7542459200053003,0.0,train
-0.29555935083729457,0.09475709472591536,0.0,train
2.8293044290993064,3.334010695554142,1.0,train
-0.23211843436478177,0.2847414824457202,0.0,train
0.48664266544456236,1.8814996194585416,0.0,train
-0.7505133451612486,2.056380162292856,0.0,train
0.9101917668728035,1.9818684864260128,0.0,train
-2.114521485133145,-1.6821054189945683,0.0,train
0.25696801882288706,-2.626896641572448,0.0,train
-1.1408080570060566,-0.3389067055588843,0.0,train
-0.0731427647683873,1.9702631807373518,0.0,train
1.8904118020827467,-1.2026999503113085,0.0,test
3.0144043152317206,2.0821230500870525,1.0,test
0.07761252677630799,-1.510866868889429,0.0,test
-1.3027814826774597,-4.17246773904207,0.0,test
-1.0610936512738864,-0.7962954041366357,0.0,test
3.403734164223479,1.8644668702952574,1.0,test
1.4606439407748202,1.110629665899133,1.0,test
2.3528572436074655,3.1248292212855553,1.0,test
3.3862775024194565,3.110033250654286,1.0,test
-3.0697741797399805,-1.279861085371251,0.0,test
2.688122177556935,2.2615041296963403,0.0,test
1.4296161069603983,2.760459575109723,1.0,test
-3.356910385996178,-1.6879283477400286,0.0,test
-1.9108211786779596,0.9856300000263734,0.0,test
2.4399054056844434,2.6620517644896546,0.0,test
1.8446035627841406,2.2619366355756836,1.0,test
-1.0052755289171853,-0.3117557169986171,0.0,test
-3.628961607891406,-1.2076778889283175,0.0,test
3.4645039142213023,2.6430992110680056,1.0,test
-1.874053137377987,-2.7624681276680203,0.0,test
0.4986128648248767,0.5675861057169875,0.0,test
-1.1305153021175853,-1.4047106041702209,0.0,test
2.2094042516097536,1.4775914565986035,1.0,test
2.344325540758357,2.8053211065106054,0.0,test
-1.7040840602145282,-1.0806264966839028,0.0,test
-0.9444645688381161,-2.1332131169824873,0.0,test
-1.5529150445327509,-0.45499761924804805,0.0,test
-1.7557819835599684,0.5305125135546552,0.0,test
2.638505143946984,2.336832121090134,1.0,test
-0.7817817005118498,-0.6329631690684462,0.0,test
-0.5659677847386292,-0.1633712789998851,0.0,test
1.4019961975142434,-0.34293635043570264,0.0,test
2.5092146546016325,1.5982575933340935,1.0,test
-1.823770788214644,0.785788742767909,0.0,test
-2.642489267470517,-0.903838376848912,0.0,test
2.358318852062314,4.197963877678156,1.0,test
0.9224038577462572,-0.20043160043783903,0.0,test
3.722895012966008,1.982637023543149,1.0,test
1.5461439777218315,2.587299066069996,1.0,test
-2.1884005337700985,-2.182770184347655,0.0,test
2.074557874033293,2.091747879436342,1.0,test
-1.0599497436747876,-3.0227113052398926,0.0,test
2.537601748386047,2.17607360646882,1.0,test
2.8149769044360906,2.568105539601645,1.0,test
1.6232749679837215,2.096579287450641,1.0,test
-0.0837291714846732,-1.836269514517841,0.0,test
0.2811263966050182,-3.750244929618715,0.0,test
1.7060173775466896,1.3756231339249576,1.0,test
3.5172118476880976,2.9439868251474817,1.0,test
-2.043791092407082,-1.951569330522109,0.0,test
2.2750040712608017,2.651744823697609,1.0,test
-2.7580698685277225,-0.14313134829927987,0.0,test
3.124683255380079,2.9351789157668637,1.0,test
3.3591566257867114,3.497083130640885,1.0,test
-4.017026711951457,-0.8845229684638588,0.0,test
2.8480703082834786,2.0712297903212953,1.0,test
-1.3473091300034836,1.464297654239829,0.0,test
1.970749836235768,1.1366637397577837,1.0,test
-1.8301559365122098,-1.4317127071586901,0.0,test
3.427183636768213,2.574905500197046,1.0,test
1.8909817972302227,1.3576521989669437,1.0,test
-3.1835203555188136,0.8580122833247475,0.0,test
3.71176202781217,3.091169520070994,1.0,test
3.4854339006201354,2.6211081303845525,1.0,test
0.8173714909331881,1.4596205657084718,0.0,test
-0.6508673269396744,-1.566940169119016,0.0,test
3.0090060776957572,2.8552165185066825,1.0,test
0.8695032407401319,-2.065639962077206,0.0,test
-2.533500210799306,-1.534265533824561,0.0,test
2.191478376312129,1.0026887973313041,1.0,test
1.0359651458629222,-1.858293403819772,0.0,test
1.8782517818468731,3.4339758258582154,1.0,test
2.4540474489151918,1.9928768532569279,0.0,test
-1.161828442771743,-2.206948683923615,0.0,test
1.187968556271688,2.1728675089103486,0.0,test
-1.559235976849831,-1.3953324534702385,0.0,test
2.595202735196083,-0.2445737741798615,0.0,test
-2.4800263931963116,1.1036559985444665,0.0,test
-1.1077061294196937,-2.8104446457736953,0.0,test
3.7661556995403602,3.3896697000637714,1.0,test
3.5028582973656595,2.4612406971495955,0.0,test
3.0208454293647726,2.7423847501207463,1.0,test
3.569358376663611,2.6351240524555295,1.0,test
1.5734185655994715,1.7568869469173174,1.0,test
0.8650950731407275,0.4795308712801915,0.0,test
-2.053768570415599,-1.1586455840255452,0.0,test
2.22816803726947,1.5418263079610457,1.0,test
-0.9644038945919862,1.8489715492701384,0.0,test
-2.444333778406971,0.4968568480723612,0.0,test
3.0611645280883604,3.0639787640790557,1.0,test
0.4914137719973404,0.09501677158417791,0.0,test
2.6699605087694342,1.6143909133473198,1.0,test
0.12667631214981892,-1.3476365696629726,0.0,test
-0.8021421733362648,-0.14955178038776729,0.0,test
4.10473228500189,1.2368907357307792,1.0,test
1.6325247666394933,2.5345484813425556,1.0,test
4.536871260575379,1.3447109444210164,1.0,test
2.0827698203134037,1.7177632917081034,1.0,test
0.1830066015694419,-3.7595748503861626,0.0,test
0.0703018199659842,-0.24464144093561294,0.0,test
1.9927564745165858,2.5678851241299943,1.0,test
2.8159585835365886,2.2106106643765,1.0,test
1.7577971618165162,1.1626608911930456,1.0,test
-0.4448881296602686,2.49867860827437,0.0,test
2.696467926561746,0.2023689141159329,1.0,test
1.9429520291031763,2.898613086329874,1.0,test
3.0074368711900283,2.32802345581481,1.0,test
1.9120302842127193,2.3394113859142656,1.0,test
1.7501498788693326,2.6817086353268795,1.0,test
1.7918563217209198,-2.5248203671909755,0.0,test
1.590696601292133,3.2470320975222524,1.0,test
1.4578872611812992,2.3592129889983764,1.0,test
2.0761911286965824,2.091345452040843,1.0,test
2.405410609018845,1.705078215854104,1.0,test
1.0691719998869347,0.21296177506429612,0.0,test
2.7749266722605834,2.6904635181976446,0.0,test
-0.6816058947154866,-2.9243852043821597,0.0,test
2.870216134119963,1.1379666206626056,1.0,test
1.2617761856229321,3.344826366905593,1.0,test
-1.9569385797327201,-2.5564248715202704,0.0,test
0.5237832624345183,-1.7009567990106835,0.0,test
-1.2483350234925787,-2.907956245316629,0.0,test
2.76651611477394,3.5535598846395082,1.0,test
-3.840803600465445,0.22494038770582284,0.0,test
2.971848801354388,0.9627975185035276,1.0,test
-2.145891255319092,-0.7731747673864212,0.0,test
2.906418146509175,2.432862404094371,1.0,test
2.684248423159485,2.5859327201153497,1.0,test
0.0072094403307202655,3.1843539294784313,0.0,test
0.08463005036869561,1.1287616487041119,0.0,test
0.8573272465840861,3.7121483423379833,1.0,test
2.3151235932078182,1.9489223320323001,1.0,test
-4.430146908814028,-2.203486941283138,0.0,test
1.7954204517331998,4.228688162598165,1.0,test
3.936747953544424,2.3949137614813627,1.0,test
2.820978573353967,1.582309231879001,1.0,test
3.536766116489759,0.6714639815460833,1.0,test
4.3489517513921285,1.5914339987310495,1.0,test
-2.7676078238059674,-0.5086298445750028,0.0,test
-1.7487225922336616,-0.2693095425523388,0.0,test
3.609854516897418,2.4072750977006283,1.0,test
1.4982999396970005,3.951349515851858,1.0,test
2.223123100753071,2.621225518082523,1.0,test
-0.04542698064858035,-0.019765621360652158,0.0,test
-0.5441467813878742,-1.366508416954845,0.0,test
0.8913062521016047,0.4335930993467375,0.0,test
3.5260190788246044,1.7625404298893417,1.0,test
3.950314157678801,2.082812821390976,1.0,test
1.6313817047520092,1.3649363802801195,1.0,test
-1.3749123549751305,-0.32015741087306093,0.0,test
3.0903709558932024,2.274575538740424,1.0,test
0.8778259392644372,-2.393024033439169,0.0,test
2.352673342979684,2.7362954401145028,1.0,test
2.041062347724665,0.9340326236430754,1.0,test
0.13495635019579189,0.3022335382280328,0.0,test
3.161591350478026,2.1739314978194884,1.0,test
3.2846937791878283,2.56185417805187,1.0,test
1.6466551441999973,1.5962200727217213,1.0,test
2.316228870168723,2.303046541910878,1.0,test
-1.5735022091453652,-1.2400265830723263,0.0,test
2.8528196517107167,2.6194650444250693,1.0,test
0.7978383194227888,-4.479252203215612,0.0,test
2.37124453018015,2.3983227174910886,1.0,test
2.253823444534759,3.1900381883658797,1.0,test
3.4576243198199177,1.243597446369662,1.0,test
3.014323538768436,2.300474044373148,1.0,test
-1.372926468095369,-1.5330539137931347,0.0,test
0.40134706350165045,-0.8901473780950849,0.0,test
2.045828817114983,1.7934962683445914,1.0,test
3.9690250989946816,3.579934024140765,1.0,test
2.558774837688976,2.9042745005058324,0.0,test
-2.9660925211341147,-0.966325818089183,0.0,test
-1.2879092861113017,-2.6767460212293512,0.0,test
2.794029056712839,1.9916089653283,1.0,test
3.072197589962262,2.048548283834261,1.0,test
2.807457396285305,2.64736725122789,1.0,test
-2.247032945794116,-3.750784114180104,0.0,test
3.7120846238868235,2.0174627627592465,1.0,test
2.7677703803026876,2.807113238851796,1.0,test
1.7922900541638351,3.019690121202142,1.0,test
-1.342885221471252,-1.5159214305362325,0.0,test
1.5786503372414198,3.1735985341776134,1.0,test
2.7822876176072024,3.344461789433012,1.0,test
-2.053576762064573,-0.38069998900477164,0.0,test
1.7476685516572519,-0.13982366207511954,0.0,test
2.625469387657475,2.024739760459416,0.0,test
-1.815181824675473,0.2249879305890582,0.0,test
1.4054568521543145,3.4899174419825356,1.0,test
1.4966249033105383,1.919123547016893,0.0,test
3.36413324910938,2.0160303628522875,1.0,test
1.8957360614711094,2.0342494190686935,1.0,test
3.079221779242851,1.7426676999422634,1.0,test
-0.9013590527978232,-1.3072982076859256,0.0,test
2.2514588367672896,2.899931497582175,1.0,test
2.1360339689071015,2.6586411039627165,1.0,test
-1.5276193946088423,-1.0338886621989047,0.0,test
-0.5120623859934725,-0.029696064466489175,0.0,test
2.5377689464725925,3.9033877459550026,1.0,test
-1.4761443112770212,1.2885200333961488,0.0,test
2.537725054471076,3.929227279407829,0.0,test
2.4378235944644446,4.29981427038393,1.0,test
-1.7392806194121053,1.9086761752360752,0.0,test
2.8798025967980516,0.9551188670743571,1.0,test
2.357690378385411,2.025592635111947,0.0,test
1.413311421779422,1.5115411792463813,0.0,test
-0.8658256960344215,-0.6391080947757752,0.0,test
2.960716300998925,2.5020460419601322,1.0,test
-1.4424087351418482,0.1791843132000372,0.0,test
0.4333799303026696,-1.757357909352774,0.0,test
-1.4379102676995736,-1.8650183566922518,0.0,test
3.6963371818422903,2.596928268154411,1.0,test
-0.853357557549932,-0.22460318434886317,0.0,test
-0.020640678698791534,-2.986675001751814,0.0,test
1.4358672711897844,3.3611328182482434,0.0,test
-3.0864587636440324,-0.7521659187373325,0.0,test
2.3800135366108615,1.8939020959253228,1.0,test
-1.0037475346031015,0.9456596018791288,0.0,test
2.0385774058973887,2.7496894500082303,1.0,test
3.6662268420946154,2.525502394674138,1.0,test
1.511777580626335,2.722775584070775,1.0,test
2.141495050570709,1.61362278883075,1.0,test
3.5490205123413356,1.395622095653818,1.0,test
2.8312643849213264,3.4724103747699075,1.0,test
-0.49698890762028286,-3.501016833797382,0.0,test
3.3056466988693085,3.6207238813652354,1.0,test
-2.495550373902446,-2.2656538250170093,0.0,test
2.80629264326551,1.7275129089131462,1.0,test
1.9169925824732494,2.686646518725126,1.0,test
4.294377916587745,2.0108055018215403,1.0,test
2.358237537601284,2.058531313068866,1.0,test
2.6228343636762887,2.1844964137166496,1.0,test
0.3702960812631407,-3.7045764539906942,0.0,test
0.6084894118838138,0.5678833666001487,0.0,test
-0.3959685153068272,0.8203905615778341,0.0,test
-3.308494723104985,-0.8724095279834824,0.0,test
-2.030082614241339,-2.4785203137809613,0.0,test
-1.4068286687670861,-0.28735551409336385,0.0,test
1.6722350031126014,1.7617218177528253,1.0,test
-0.5302415305256989,-0.29744571828422645,0.0,test
1.7260390442621685,-1.4415513533160664,0.0,test
-0.7504674765243272,-0.7762102009035275,0.0,test
1.9312059866365257,2.900298343061947,1.0,test
2.985140742955481,2.066286943353639,1.0,test
-1.2331154339473605,-0.8148291961750499,0.0,test
-1.5321473285395366,-0.7793052416111752,0.0,test
-2.7295229868863538,1.7084331318739487,0.0,test
-0.5019490855070381,-1.8851322795927998,0.0,test
1.5739602823039058,2.731804641862201,1.0,test
1.6651765374845822,2.7501259776909546,1.0,test
0.4654385417524628,-2.244610960314943,0.0,test
-0.79658510334343,-1.2395519095013503,0.0,test
0.5187593137217145,1.3629049154209834,0.0,test
-1.9243875821220062,0.9316683493962279,0.0,test
-2.677641097322649,-1.9956243670199432,0.0,test
0.09819579687136597,-0.850464781505428,0.0,test
4.575804146877249,3.498861269138636,1.0,test
1.146614728540809,-2.903397347058173,0.0,test
2.6902684111896766,2.997129339488054,1.0,test
0.9195314087855133,2.4855492194632243,1.0,test
3.1479110724888453,2.582883110352125,1.0,test
3.8709475900450276,2.175000647364093,1.0,test
2.6879728534050304,3.4883155884253543,1.0,test
1.500582880283408,-1.7277869233052785,0.0,test
-1.9622723084734468,1.013560182020903,0.0,test
-0.384105155894188,-0.46432650149820254,0.0,test
0.7596391296557963,0.4366543119075443,0.0,test
0.20723291021237966,-2.2347076166762707,0.0,test
1.4394293990093958,-0.005331286950098654,0.0,test
2.437616937256727,2.7072541157629453,1.0,test
1.7813941746527808,1.5849950932437011,1.0,test
1.7308938870036508,3.356806932481265,1.0,test
0.3141624999894987,-1.588002537856363,0.0,test
-0.6612208434493597,-2.7638119413984685,0.0,test
-3.286574924991219,0.8718633026195349,0.0,test
-1.9544249510963054,-0.3889308099324133,0.0,test
2.6345293529581353,1.9482937054284841,1.0,test
3.0527520420201792,2.6646362399586776,1.0,test
2.378528760267922,2.943718575549244,1.0,test
3.0960500821294636,3.3834777906978517,1.0,test
3.1464331544768385,2.7042196156965095,1.0,test
0.051971339554455744,-2.963056934526498,0.0,test
-0.24684163463327943,0.3430294466180316,0.0,test
1.1469111618496999,2.596880337508699,1.0,test
1.5663749608243693,2.9882609082960556,0.0,test
2.3995499018422715,1.8799159397596543,1.0,test
4.149711426789922,3.7193673388149535,1.0,test
1.513792623088748,3.1365530969943767,1.0,test
4.068664944302656,1.3962521499114848,1.0,test
0.616532331006281,0.19606216589620626,0.0,test
2.0326783756530324,1.9732154557455668,1.0,test
-0.26866686669055234,1.6446327641029876,0.0,test
-1.7116905980277952,0.15743865914694058,0.0,test
-0.7651261392952422,-2.346600035515436,0.0,test
2.7171276166381295,2.531872160069496,1.0,test
-0.9702500202412904,3.0637994762467513,0.0,test
2.3731868274165118,2.5324288822434107,1.0,test
2.6941282181272057,3.303043301295745,1.0,test
2.968585017694041,3.831259041558685,1.0,test
-1.49224855758174,-1.985089857132873,0.0,test
1.9487058272098452,2.4841425520064626,1.0,test
